<?xml version="1.0" encoding="UTF-8"?>
<project-private xmlns="http://www.netbeans.org/ns/project-private/1">
    <editor-bookmarks xmlns="http://www.netbeans.org/ns/editor-bookmarks/2" lastBookmarkId="0"/>
    <open-files xmlns="http://www.netbeans.org/ns/projectui-open-files/2">
        <group>
            <file>file:/D:/AlejandroDigital/electronica_digital2/proyecto1/proyecto1master.X/proyecto1master.c</file>
            <file>file:/D:/AlejandroDigital/electronica_digital2/proyecto1/proyecto1master.X/LCD8bits.c</file>
        </group>
    </open-files>
</project-private>
